title,price_gbp_raw,star_rating,availability_raw,category
Sharp Objects,£47.82,Five,In stock,Mystery
"In a Dark, Dark Wood",£19.63,Five,In stock,Mystery
The Past Never Ends,£56.50,Four,In stock,Mystery
A Murder in Time,£16.64,Four,In stock,Mystery
The Murder of Roger Ackroyd (Hercule Poirot #4),£44.10,Three,In stock,Mystery
The Last Mile (Amos Decker #2),£54.21,Five,In stock,Mystery
That Darkness (Gardiner and Renner #1),£13.92,One,In stock,Mystery
Tastes Like Fear (DI Marnie Rome #3),£10.69,Two,In stock,Mystery
A Time of Torment (Charlie Parker #14),£48.35,Three,In stock,Mystery
A Study in Scarlet (Sherlock Holmes #1),£16.73,Two,In stock,Mystery
Poisonous (Max Revere Novels #3),£26.80,Five,In stock,Mystery
Murder at the 42nd Street Library (Raymond Ambler #1),£54.36,Four,In stock,Mystery
Most Wanted,£35.28,Five,In stock,Mystery
Hide Away (Eve Duncan #20),£11.84,One,In stock,Mystery
Boar Island (Anna Pigeon #19),£59.48,Four,In stock,Mystery
The Widow,£27.26,Two,In stock,Mystery
Playing with Fire,£13.71,Five,In stock,Mystery
What Happened on Beale Street (Secrets of the South Mysteries #2),£25.37,One,In stock,Mystery
The Bachelor Girl's Guide to Murder (Herringford and Watts Mysteries #1),£52.30,Four,In stock,Mystery
Delivering the Truth (Quaker Midwife Mystery #1),£20.89,Five,In stock,Mystery
The Mysterious Affair at Styles (Hercule Poirot #1),£24.80,Two,In stock,Mystery
In the Woods (Dublin Murder Squad #1),£38.38,Two,In stock,Mystery
The Silkworm (Cormoran Strike #2),£23.05,Four,In stock,Mystery
The Exiled,£43.45,Three,In stock,Mystery
The Cuckoo's Calling (Cormoran Strike #1),£19.21,Five,In stock,Mystery
Extreme Prey (Lucas Davenport #26),£25.40,Four,In stock,Mystery
Career of Evil (Cormoran Strike #3),£24.72,One,In stock,Mystery
The No. 1 Ladies' Detective Agency (No. 1 Ladies' Detective Agency #1),£57.70,Five,In stock,Mystery
The Girl You Lost,£12.29,Four,In stock,Mystery
The Girl In The Ice (DCI Erika Foster #1),£15.85,One,In stock,Mystery
Blood Defense (Samantha Brinkman #1),£20.30,Four,In stock,Mystery
1st to Die (Women's Murder Club #1),£53.98,Two,In stock,Mystery
It's Only the Himalayas,£45.17,Three,In stock,Travel
Full Moon over Noah's Ark: An Odyssey to Mount Ararat and Beyond,£49.43,One,In stock,Travel
See America: A Celebration of Our National Parks & Treasured Sites,£48.87,One,In stock,Travel
Vagabonding: An Uncommon Guide to the Art of Long-Term World Travel,£36.94,Four,In stock,Travel
Under the Tuscan Sun,£37.33,Four,In stock,Travel
A Summer In Europe,£44.34,Two,In stock,Travel
The Great Railway Bazaar,£30.54,One,In stock,Travel
A Year in Provence (Provence #1),£56.88,Four,In stock,Travel
The Road to Little Dribbling: Adventures of an American in Britain (Notes From a Small Island #2),£23.21,Four,In stock,Travel
Neither Here nor There: Travels in Europe,£38.95,One,In stock,Travel
"1,000 Places to See Before You Die",£26.08,Two,In stock,Travel
Tipping the Velvet,£53.74,Three,In stock,Historical Fiction
Forever and Forever: The Courtship of Henry Longfellow and Fanny Appleton,£29.69,One,In stock,Historical Fiction
A Flight of Arrows (The Pathfinders #2),£55.53,One,In stock,Historical Fiction
The House by the Lake,£36.95,Four,In stock,Historical Fiction
Mrs. Houdini,£30.25,Three,In stock,Historical Fiction
The Marriage of Opposites,£28.08,Three,In stock,Historical Fiction
Glory over Everything: Beyond The Kitchen House,£45.84,Five,In stock,Historical Fiction
"Love, Lies and Spies",£20.55,Four,In stock,Historical Fiction
A Paris Apartment,£39.01,Two,In stock,Historical Fiction
Lilac Girls,£17.28,One,In stock,Historical Fiction
The Constant Princess (The Tudor Court #1),£16.62,Two,In stock,Historical Fiction
The Invention of Wings,£37.34,Five,In stock,Historical Fiction
World Without End (The Pillars of the Earth #2),£32.97,Five,In stock,Historical Fiction
The Passion of Dolssa,£28.32,Four,In stock,Historical Fiction
Girl With a Pearl Earring,£26.77,Three,In stock,Historical Fiction
Voyager (Outlander #3),£21.07,Three,In stock,Historical Fiction
The Red Tent,£35.66,Three,In stock,Historical Fiction
The Last Painting of Sara de Vos,£55.55,Five,In stock,Historical Fiction
The Guernsey Literary and Potato Peel Pie Society,£49.53,Five,In stock,Historical Fiction
Girl in the Blue Coat,£46.83,Three,In stock,Historical Fiction
